{"count":1,"self":15688.720384,"total":64791.241273,"children":{"InitializeActuators":{"count":1,"self":0.002846,"total":0.002846,"children":null},"InitializeSensors":{"count":1,"self":0.009438,"total":0.009438,"children":null},"AgentSendState":{"count":49982613,"self":235.45433599999998,"total":1110.440523,"children":{"UpdateModelSpacePoses":{"count":10010836,"self":97.2678656,"total":97.267867,"children":null},"UpdateLocalSpacePoses":{"count":10010836,"self":97.9122368,"total":97.912239,"children":null},"CollectObservations":{"count":10010836,"self":121.22643199999999,"total":121.22643099999999,"children":null},"WriteActionMask":{"count":10010836,"self":15.530996799999999,"total":15.530997,"children":null},"RequestDecision":{"count":10010836,"self":53.019705599999995,"total":543.04865399999994,"children":{"AgentInfo.ToProto":{"count":10010836,"self":62.832377599999994,"total":490.02894699999996,"children":{"GenerateSensorData":{"count":10010836,"self":427.1965696,"total":427.19657,"children":null}}}}}}},"DecideAction":{"count":49982613,"self":47629.077708799996,"total":47629.076392999996,"children":null},"AgentAct":{"count":49982613,"self":360.6576128,"total":361.087151,"children":{"UpdateModelSpacePoses":{"count":6049,"self":0.060273,"total":0.060273,"children":null},"UpdateLocalSpacePoses":{"count":6049,"self":0.061972,"total":0.061972,"children":null},"AgentInfo.ToProto":{"count":6049,"self":0.042373999999999995,"total":0.307285,"children":{"GenerateSensorData":{"count":6049,"self":0.264911,"total":0.264911,"children":null}}}}},"UpdateModelSpacePoses":{"count":24882,"self":0.282537,"total":0.282537,"children":null},"UpdateLocalSpacePoses":{"count":24882,"self":0.254681,"total":0.254681,"children":null},"AgentInfo.ToProto":{"count":24882,"self":0.183274,"total":1.365551,"children":{"GenerateSensorData":{"count":24882,"self":1.182277,"total":1.182277,"children":null}}}},"gauges":{"Crawler.CumulativeReward":{"count":30931,"max":837.4469,"min":-2,"runningAverage":18.9811325,"value":14.0260391,"weightedAverage":60.31151}},"metadata":{"timer_format_version":"0.1.0","start_time_seconds":"1625758936","unity_version":"2020.3.3f1","command_line_arguments":"\/home\/raphael\/Documents\/outputs\/2021-07-08\/17-42-13\/..\/..\/..\/ml-agents-repo\/Project\/Builds\/Crawler_18_train_linux_5000\/Crawler1Agent.x86_64 -nographics -batchmode --mlagents-port 5018","communication_protocol_version":"1.5.0","com.unity.ml-agents_version":"2.1.0-exp.1","scene_name":"Crawler","end_time_seconds":"1625823727"}}